9785001005032,стратегия
9785001009948,"мотивация,тайм-менеджмент"
9785001007852,стратегия
9785496030649,маркетинг
9785446107728,разработка
9785961451948,продажи
9785001002581,"стратегия,маркетинг"
9785001002390,"стратегия,биография"
9785389075795,стратегия
9785001002604,разработка
9785916571738,стратегия
9785001173199,"разработка,управление"
9785001172628,управление
9785001173526,стратегия
9785981244537,продажи
9785961435511,стратегия
9785041909192,продукт
9785000576465,дизайн
9785315000570,стратегия
9785961464313,"маркетинг,продажи"
9785496022392,дизайн
9785961414189,маркетинг
9785961451481,стратегия
9785001460886,продажи
9785001170655,"мотивация,тайм-менеджмент"
9785001009917,"маркетинг,контент"
9785040180110,"маркетинг,контент"
9785961423457,"стратегия,продукт"
9785457029392,"управление,продукт"
9785001170259,"дизайн,психология"
9785961441109,"стратегия,маркетинг,продукт"
9785961449242,"управление,hr"
9785961442564,маркетинг
9785961443325,"стратегия,маркетинг"
9785961465266,контент
9785001002741,hr
9785961448641,"управление,hr"
9785961449242,"управление,hr"
9785000572313,маркетинг
9785961415063,продажи
9785040072675,стратегия
9785961426359,стратегия
9785961445329,"мотивация,тайм-менеджмент"
9785001006473,"маркетинг,продажи"
9785457236790,продажи
9785961443288,"стратегия,маркетинг,продажи"
9785389051096,стратегия
9785001173250,"продукт,психология"
9785961421897,"продукт,психология"
9785916570977,маркетинг
9785446105878,разработка
9785001174523,стратегия
9785961414639,продажи
9785001174318,"мотивация,тайм-менеджмент"
9785961447927,продукт
9785457519237,"стратегия,психология"
9785041061555,продажи
9785001390664,"маркетинг,контент"
9785961407655,"биография,стратегия"
9785916579420,"маркетинг,продукт"
9785001008019,"маркетинг,продукт"
9785961447521,продукт
9785961445565,продажи
9785446109104,управление
9785457184954,дизайн
9785961451801,психология
9785446106745,дизайн
9785940560210,дизайн
9785457094727,дизайн
9785446111152,психология
9785001005544,"маркетинг,продукт,психология"
9785001460732,продукт
9785001178200,управление
9785961420517,"мотивация,тайм-менеджмент,психология"
9785961420647,"контент,продажи"
9785001003960,"управление,hr"
9785446105120,разработка
9785001464273,"мотивация,тайм-менеджмент"
9785457208063,"мотивация,тайм-менеджмент"
9785961420234,психология
9785001171300,"мотивация,психология"
9785001464259,"психология,hr"